{"SEIUSDT": {"entry": 0.06253, "sl": 0.0594035, "tp1": 0.0719095, "side": "BUY", "opened_at": "2026-04-24T11:53:53.285302", "original_amt": 3184.0}}