{"AXSUSDT": {"entry": 1.127, "sl": 1.065, "tp1": 1.252, "side": "BUY"}, "IMXUSDT": {"entry": 0.151, "sl": 0.1456, "tp1": 0.1617, "side": "BUY"}, "KAVAUSDT": {"entry": 0.0575, "sl": 0.05439285714285714, "tp1": 0.06371428571428572, "side": "BUY", "opened_at": "2026-03-27T07:21:17.828272"}}