{
  "available": 11513.546661899994,
  "total": 12510.0084619,
  "used_margin": 996.4617999999984,
  "unrealized_pnl": -30.192000000001144,
  "created_at": "2026-05-28T08:00:27.888194"
}